Plate, Model Brand,Year
JEG6077, Rogue - Nissan,2011
UPL8450, Maxima - Nissan,2021
HRQ3474, Fusion - Ford,2013
MMV6254, Rav4 - Toyota,2014
CDG7663, Rogue - Nissan,2002
UAQ0554, Murano - Nissan,2015
GIX6751, Corolla - Toyota,2001
LPH3106, Tahoe - Chevrolet,2005
SHW0508, Prius - Toyota,2021
GWB9995, Rav4 - Toyota,2012
ASG0833, Fit - Honda,2007
GQT2147, Suburban - Chevrolet,2023
NHJ6807, Murano - Nissan,2018
ZXA3478, Altima - Nissan,2012
TSU9364, Camry - Toyota,2018
CMH8311, Pilot - Honda,2016
DNY4315, Highlander - Toyota,2018
YJF2713, Rogue - Nissan,2003
XZA7858, CR-V - Honda,2019
TBP4177, CR-V - Honda,2010
HFK0358, Murano - Nissan,2006
RDI3373, Fit - Honda,2021
PLR4270, Murano - Nissan,2005
FSQ1247, Fusion - Ford,2011
CAR6691, Equinox - Chevrolet,2001
EOO2027, Maxima - Nissan,2006
QQD3420, Malibu - Chevrolet,2018
VLY8523, Pilot - Honda,2002
OQN8470, Altima - Nissan,2008
CTR4679, F-150 - Ford,2014
HKS9547, Explorer - Ford,2010
BHS2054, Altima - Nissan,2005
BRC7010, Murano - Nissan,2018
EUS3670, Suburban - Chevrolet,2003
DPO5700, Maxima - Nissan,2009
EHS2494, F-150 - Ford,2018
AIK7749, Corolla - Toyota,2007
ULL7059, Explorer - Ford,2012
RBV8737, Civic - Honda,2005
DFH7604, Tahoe - Chevrolet,2001
WDJ5765, Rogue - Nissan,2004
GCM9542, Highlander - Toyota,2002
WLM3148, Rav4 - Toyota,2013
UEF8438, Explorer - Ford,2018
TEY9787, Malibu - Chevrolet,2002
DOP4772, Murano - Nissan,2021
CWG1468, Highlander - Toyota,2022
AHM3557, Camry - Toyota,2002
GQP7918, Altima - Nissan,2000
LPU7949, Mustang - Ford,2007
